{"cameraMode":{"drawMode":0,"name":"Shaded","section":"Shading Mode"},"sceneLighting":false,"audioPlay":false,"sceneViewState":{"m_AlwaysRefresh":false,"showFog":true,"showSkybox":false,"showFlares":true,"showImageEffects":true,"showParticleSystems":true,"showVisualEffectGraphs":true,"m_FxEnabled":true},"in2DMode":false,"pivot":{"x":2.0461151599884035,"y":4.882717609405518,"z":0.6905031204223633},"rotation":{"x":-0.0871974527835846,"y":-0.008369643241167069,"z":0.0007384304772131145,"w":-0.9961758255958557},"size":8.94285774230957,"orthographic":false}