{"cameraMode":{"drawMode":0,"name":"Shaded","section":"Shading Mode"},"sceneLighting":false,"audioPlay":false,"sceneViewState":{"m_AlwaysRefresh":false,"showFog":true,"showSkybox":false,"showFlares":true,"showImageEffects":true,"showParticleSystems":true,"showVisualEffectGraphs":true,"m_FxEnabled":true},"in2DMode":false,"pivot":{"x":-0.0000026226043701171877,"y":0.10261714458465576,"z":0.002058267593383789},"rotation":{"x":-0.4454543888568878,"y":-0.02050149254500866,"z":0.010205080732703209,"w":-0.8950176239013672},"size":5.972476482391357,"orthographic":false}