{"cameraMode":{"drawMode":0,"name":"Shaded","section":"Shading Mode"},"sceneLighting":false,"audioPlay":false,"sceneViewState":{"m_AlwaysRefresh":false,"showFog":true,"showSkybox":false,"showFlares":true,"showImageEffects":true,"showParticleSystems":true,"showVisualEffectGraphs":true,"m_FxEnabled":true},"in2DMode":false,"pivot":{"x":7.152557373046875e-7,"y":0.283677875995636,"z":-0.0011625289916992188},"rotation":{"x":-0.2331315129995346,"y":-0.010602014139294625,"z":0.00254293461330235,"w":-0.9723888039588928},"size":8.938922882080079,"orthographic":false}