{"cameraMode":{"drawMode":0,"name":"Shaded","section":"Shading Mode"},"sceneLighting":false,"audioPlay":false,"sceneViewState":{"m_AlwaysRefresh":false,"showFog":true,"showSkybox":false,"showFlares":true,"showImageEffects":true,"showParticleSystems":true,"showVisualEffectGraphs":true,"m_FxEnabled":true},"in2DMode":false,"pivot":{"x":-0.000002384185791015625,"y":0.02312225103378296,"z":-0.05684185028076172},"rotation":{"x":-0.18627381324768067,"y":0.7764614224433899,"z":-0.2683958113193512,"w":-0.5388764142990112},"size":8.756745338439942,"orthographic":false}