{"cameraMode":{"drawMode":0,"name":"Shaded","section":"Shading Mode"},"sceneLighting":false,"audioPlay":false,"sceneViewState":{"m_AlwaysRefresh":false,"showFog":true,"showSkybox":false,"showFlares":true,"showImageEffects":true,"showParticleSystems":true,"showVisualEffectGraphs":true,"m_FxEnabled":true},"in2DMode":false,"pivot":{"x":4.76837158203125e-7,"y":0.0006546080112457275,"z":0.009733915328979493},"rotation":{"x":-0.11233781278133393,"y":0.8508027195930481,"z":-0.20262998342514039,"w":-0.47166651487350466},"size":8.931754112243653,"orthographic":false}